sample_id,model,dice,iou,mask_ratio,fp_ratio,fn_ratio
111,U-Net,0.972603648424544,0.946668388429752,0.23187255859375,0.0192155830481706,0.0351408265332982
111,U-KAN(no-KAN),0.972413112813599,0.946307436324075,0.23187255859375,0.028296920242169,0.026914977625691
111,U-KAN,0.980885013982563,0.962487086776859,0.23187255859375,0.0192155830481706,0.019018162674388
111,Attention-U-KAN,0.976925342846856,0.954891547763772,0.23187255859375,0.0284943406159516,0.0178994472229534
119,U-Net,0.827971646673937,0.706443358920679,0.121658325195312,0.0783895647811363,0.238178853631005
119,U-KAN(no-KAN),0.918466724934449,0.849226506580466,0.121658325195312,0.0864166562147247,0.0773861783519378
119,U-KAN,0.916746779465487,0.846290379836706,0.121658325195312,0.0599523391446131,0.102972532296501
119,Attention-U-KAN,0.935547246340072,0.878899738032865,0.121658325195312,0.0533049040511727,0.0742505957606923
122,U-Net,0.804329725228976,0.672701949860724,0.174713134765625,0.00331877729257642,0.325065502183406
122,U-KAN(no-KAN),0.871005342399223,0.771487567753592,0.174713134765625,0.0151091703056769,0.216855895196507
122,U-KAN,0.865108089601878,0.762282365109464,0.174713134765625,0.0132751091703057,0.227598253275109
122,Attention-U-KAN,0.882273732807541,0.789346872041993,0.174713134765625,0.0149344978165939,0.198864628820961
123,U-Net,0.89048473967684,0.802588996763754,0.152542114257812,0.0200060018005402,0.181354406321897
123,U-KAN(no-KAN),0.915274019841901,0.843783625158955,0.152542114257812,0.0226067820346104,0.137141142342703
123,U-KAN,0.914455845605827,0.842393966108336,0.152542114257812,0.0212063619085726,0.139741922576773
123,Attention-U-KAN,0.934317189773436,0.876731031792471,0.152542114257812,0.0257077123136941,0.10073021906572
125,U-Net,0.955302787568087,0.914430302100905,0.093902587890625,0.0596360090997725,0.031036724081898
125,U-KAN(no-KAN),0.957659372026641,0.918758557736194,0.093902587890625,0.0680857978550536,0.0186870328241794
125,U-KAN,0.944697564807541,0.8951913056424,0.093902587890625,0.0914852128696783,0.02291192720182
125,Attention-U-KAN,0.950252684775742,0.905220400180533,0.093902587890625,0.0801104972375691,0.0222619434514137
128,U-Net,0.971698113207547,0.944954128440367,0.055877685546875,0.0120152921900601,0.0436919716002185
128,U-KAN(no-KAN),0.98281036834925,0.966201716738197,0.055877685546875,0.0180229382850901,0.0163844893500819
128,U-KAN,0.966601178781925,0.935361216730038,0.055877685546875,0.00546149645002731,0.0595303113052977
128,Attention-U-KAN,0.974764281752635,0.95077089532053,0.055877685546875,0.00955761878754779,0.0401419989077007
132,U-Net,0.971908298353245,0.94535175879397,0.0485687255859375,0.000314169022934339,0.0543512409676406
132,U-KAN(no-KAN),0.966154810404262,0.93452561382237,0.0485687255859375,0.0364436066603833,0.0314169022934339
132,U-KAN,0.964297201672563,0.931055900621118,0.0485687255859375,0.0116242538485705,0.0581212692428527
132,Attention-U-KAN,0.958380202474691,0.920086393088553,0.0485687255859375,0.0182218033301916,0.0631479736098021
133,U-Net,0.965977167401379,0.934193266287713,0.069580078125,0.00307017543859649,0.0629385964912281
133,U-KAN(no-KAN),0.963591690864418,0.929741379310345,0.069580078125,0.0175438596491228,0.0539473684210526
133,U-KAN,0.954057142857143,0.91215034965035,0.069580078125,0.00350877192982456,0.0846491228070175
133,Attention-U-KAN,0.960072390001131,0.923210789645421,0.069580078125,0.0081140350877193,0.0692982456140351
134,U-Net,0.963840703640362,0.9302051402971,0.0643310546875,0.00592979127134725,0.0642789373814042
134,U-KAN(no-KAN),0.967875900818371,0.937751479289941,0.0643310546875,0.00213472485768501,0.060246679316888
134,U-KAN,0.958035053073315,0.919450367211561,0.0643310546875,0.00118595825426945,0.0794592030360531
134,Attention-U-KAN,0.960552268244576,0.924098671726755,0.0643310546875,0,0.0759013282732448
137,U-Net,0.966424811495234,0.935030970406056,0.104934692382812,0.0564199505598371,0.0122146284717173
137,U-KAN(no-KAN),0.961001788908766,0.924931129476584,0.104934692382812,0.0556928893412825,0.0235567834811691
137,U-KAN,0.961022454455585,0.924969416881881,0.104934692382812,0.0697978769812418,0.0104696815471863
137,Attention-U-KAN,0.958861868386012,0.920974690360797,0.104934692382812,0.0801221462847172,0.00523484077359314
141,U-Net,0.172758874960497,0.0945462930935086,0.264541625976562,0.000519120955182557,0.905404625944512
141,U-KAN(no-KAN),0.58042717509352,0.408874532471948,0.264541625976562,0.0178231527946011,0.583838034261983
141,U-KAN,0.208792340162669,0.116565122427865,0.264541625976562,0.00351848647401511,0.88302474476553
141,Attention-U-KAN,0.120854107955777,0.0643133183365057,0.264541625976562,0,0.935686681663494
146,U-Net,0.464459870345935,0.302473287005903,0.202850341796875,0.00669474951105762,0.695501730103806
146,U-KAN(no-KAN),0.941903780613458,0.890187265917603,0.202850341796875,0.004212426658643,0.106062885512261
146,U-KAN,0.894345423573892,0.808883210581692,0.202850341796875,0.000902662855423499,0.19038664058974
146,Attention-U-KAN,0.917773382311387,0.848041775456919,0.202850341796875,0.00834963141266737,0.144877388295472
155,U-Net,0.93428425878757,0.876673040152964,0.0150909423828125,0.057633973710819,0.0728008088978766
155,U-KAN(no-KAN),0.660869565217391,0.493506493506494,0.0150909423828125,0.0121334681496461,0.500505561172902
155,U-KAN,0.896963663514186,0.813176895306859,0.0150909423828125,0.120323559150657,0.0889787664307381
155,Attention-U-KAN,0.88159111933395,0.788254755996691,0.0150909423828125,0.222446916076845,0.0364004044489383
158,U-Net,0.968124536693847,0.938218390804598,0.0406341552734375,0.0454374765302291,0.0191513330829891
158,U-KAN(no-KAN),0.937778570155108,0.882846592816381,0.0406341552734375,0.11866316184754,0.0123920390536988
158,U-KAN,0.95778801843318,0.918995401485674,0.0406341552734375,0.0615846789335336,0.0244085617724371
158,Attention-U-KAN,0.958325683862677,0.919985900599225,0.0406341552734375,0.0653398422831393,0.0199023657529103
160,U-Net,0.962338053630612,0.927409988385598,0.0743255615234375,0.0605625128310409,0.0164237322931636
160,U-KAN(no-KAN),0.945418524021793,0.89648694345294,0.0743255615234375,0.0927940874563745,0.02032436871279
160,U-KAN,0.966180639935196,0.934573947110676,0.0743255615234375,0.0480394169575036,0.0205296653664545
160,Attention-U-KAN,0.944478340451495,0.894797687861272,0.0743255615234375,0.0654896325189899,0.0466023403818518
161,U-Net,0.957176226317155,0.917869586859134,0.0283660888671875,0.0806885422270038,0.00806885422270038
161,U-KAN(no-KAN),0.92094175960347,0.853468075333027,0.0283660888671875,0.171059709521248,0.000537923614846692
161,U-KAN,0.929019312766491,0.867447306791569,0.0283660888671875,0.148466917697687,0.00376546530392684
161,Attention-U-KAN,0.940662727973285,0.887972841901067,0.0283660888671875,0.109198493813878,0.0150618612157074
167,U-Net,0.965699208443272,0.933673469387755,0.0315704345703125,0.042049299178347,0.0270662155630739
167,U-KAN(no-KAN),0.934306569343066,0.876712328767123,0.0315704345703125,0.129047849202513,0.0101498308361527
167,U-KAN,0.942025611175786,0.890404929577465,0.0315704345703125,0.0981150314161431,0.0222329627839536
167,Attention-U-KAN,0.94153272769625,0.889524647887324,0.0315704345703125,0.0981150314161431,0.0231996133397777
174,U-Net,0.90844250363901,0.832244299239899,0.104461669921875,0.0953841659363132,0.0883727724218522
174,U-KAN(no-KAN),0.8486718540381,0.737124213470054,0.104461669921875,0.253578732106339,0.0759567630733275
174,U-KAN,0.924559932942163,0.859703819173811,0.104461669921875,0.124452234881683,0.0333041191936897
174,Attention-U-KAN,0.915463041631266,0.844104974539757,0.104461669921875,0.118755477651183,0.0556529360210342
177,U-Net,0.907245222929936,0.83023679417122,0.0745849609375,0.12315875613748,0.0675122749590835
177,U-KAN(no-KAN),0.88018301401201,0.786006128702758,0.0745849609375,0.201718494271686,0.0554418985270049
177,U-KAN,0.904716802424702,0.826011760636458,0.0745849609375,0.182896890343699,0.0229132569558101
177,Attention-U-KAN,0.88094764085208,0.787226472157979,0.0745849609375,0.149959083469722,0.094721767594108
179,U-Net,0.952220348510399,0.908798283261803,0.027130126953125,0.0483689538807649,0.047244094488189
179,U-KAN(no-KAN),0.932673811486672,0.87384140061792,0.027130126953125,0.0922384701912261,0.0455568053993251
179,U-KAN,0.946236559139785,0.897959183673469,0.027130126953125,0.102362204724409,0.0101237345331834
179,Attention-U-KAN,0.955047106325707,0.913961875321999,0.027130126953125,0.0916760404949381,0.00224971878515186
193,U-Net,0.958215297450425,0.919782460910945,0.0213165283203125,0.0529706513958482,0.031496062992126
193,U-KAN(no-KAN),0.910936476751801,0.836440168370415,0.0213165283203125,0.190408017179671,0.00429491768074445
193,U-KAN,0.927359131025119,0.864556962025317,0.0213165283203125,0.130994989262706,0.0221904080171797
193,Attention-U-KAN,0.944559944559945,0.89494418910046,0.0213165283203125,0.0901932712956335,0.0243378668575519
201,U-Net,0.926988636363636,0.863913158591475,0.0533905029296875,0.0794512717919406,0.0674478422406402
201,U-KAN(no-KAN),0.907111550968472,0.830012936610608,0.0533905029296875,0.104601314661332,0.0831666190340097
201,U-KAN,0.928859447004608,0.867168593707986,0.0533905029296875,0.0628751071734781,0.07830808802515
201,Attention-U-KAN,0.899377750796783,0.81715388858246,0.0533905029296875,0.0362960845955987,0.153186624749929
208,U-Net,0.686055182699478,0.522133938706016,0.03759765625,0.0726461038961039,0.439935064935065
208,U-KAN(no-KAN),0.573301766527044,0.401838141434772,0.03759765625,0.589691558441558,0.361201298701299
208,U-KAN,0.621751684311838,0.451117318435754,0.03759765625,0.162337662337662,0.475649350649351
208,Attention-U-KAN,0.749421742482652,0.599260172626387,0.03759765625,0.316558441558442,0.211038961038961
21,U-Net,0.925251709315408,0.860900842862511,0.271575927734375,0.0465782672210361,0.0989998876278234
21,U-KAN(no-KAN),0.832713026444662,0.713374727303239,0.271575927734375,0.00443870097763794,0.283458815597258
21,U-KAN,0.944020574367767,0.893976294853061,0.271575927734375,0.0381503539723564,0.0719181930553995
21,Attention-U-KAN,0.925758437902429,0.861778645107332,0.271575927734375,0.00769749410046073,0.131587818856051
212,U-Net,0.864569536423841,0.761446485855935,0.155014038085938,0.0125996653213899,0.228959543262132
212,U-KAN(no-KAN),0.867728237791932,0.766360397524845,0.155014038085938,0.0499064868589428,0.195393247366867
212,U-KAN,0.885758998435055,0.794943820224719,0.155014038085938,0.0162417560783542,0.192144896151196
212,Attention-U-KAN,0.886159408730792,0.79558907771625,0.155014038085938,0.031006988876858,0.179742100600453
214,U-Net,0.927437453245782,0.864693118412895,0.0960235595703125,0.0252661687589385,0.113459399332592
214,U-KAN(no-KAN),0.908735221570128,0.832735775526111,0.0960235595703125,0.0193866200540283,0.151120292388368
214,U-KAN,0.881438534576926,0.788010817307692,0.0960235595703125,0.0576831399968219,0.166534244398538
214,Attention-U-KAN,0.886508896182415,0.796152652807943,0.0960235595703125,0.0243127284284125,0.184490703956777
22,U-Net,0.503672612801679,0.336605890603086,0.487106323242188,0.00507471102340006,0.66168593177333
22,U-KAN(no-KAN),0.348265858855544,0.210848616723656,0.487106323242188,0.0077373680418507,0.787519969927638
22,U-KAN,0.337263234265281,0.202836216300452,0.487106323242188,0.00507471102340006,0.796134448516743
22,Attention-U-KAN,0.366326815997559,0.224235067077536,0.487106323242188,0.00639037684428155,0.774331986342136
220,U-Net,0.967798085291558,0.937605396290051,0.0445404052734375,0.0157588215142172,0.0476190476190476
220,U-KAN(no-KAN),0.936010891763104,0.879718490083173,0.0445404052734375,0.0709146968139774,0.0578965399109284
220,U-KAN,0.969780694180625,0.941334227287965,0.0445404052734375,0.0219253168893457,0.0380267214799589
220,Attention-U-KAN,0.952001386241553,0.908399470899471,0.0445404052734375,0.0359712230215827,0.0589242891401165
221,U-Net,0.940953981928977,0.888492063492063,0.036712646484375,0.0473815461346633,0.0694098088113051
221,U-KAN(no-KAN),0.919859184096086,0.851610429447853,0.036712646484375,0.0839567747298421,0.0768911055694098
221,U-KAN,0.932615715823466,0.873739411052844,0.036712646484375,0.0303408146300914,0.0997506234413965
221,Attention-U-KAN,0.931760741364785,0.872239747634069,0.036712646484375,0.0540315876974231,0.0806317539484622
223,U-Net,0.971731448763251,0.945017182130584,0.0302581787109375,0.027231467473525,0.0292486132123046
223,U-KAN(no-KAN),0.884615384615385,0.793103448275862,0.0302581787109375,0.257690368129097,0.00252143217347453
223,U-KAN,0.937974993871047,0.883194829178209,0.0302581787109375,0.0922844175491679,0.0353000504286435
223,Attention-U-KAN,0.949704142011834,0.904225352112676,0.0302581787109375,0.0741301059001513,0.0287443267776097
229,U-Net,0.872895782107055,0.774458801812385,0.0763702392578125,0.190609390609391,0.0779220779220779
229,U-KAN(no-KAN),0.876106194690266,0.779527559055118,0.0763702392578125,0.0657342657342657,0.169230769230769
229,U-KAN,0.865080117568977,0.762238930659983,0.0763702392578125,0.195804195804196,0.0885114885114885
229,Attention-U-KAN,0.832455429497569,0.712996703106021,0.0763702392578125,0.151448551448551,0.179020979020979
24,U-Net,0.964343423462243,0.931142084460162,0.207199096679688,0.0620075115987923,0.0111201119375506
24,U-KAN(no-KAN),0.963800257547575,0.930129798398233,0.207199096679688,0.0666470284998895,0.00787981441932396
24,U-KAN,0.897037608615426,0.813298454799854,0.207199096679688,0.21054569555932,0.0154650563369909
24,Attention-U-KAN,0.95011522779649,0.904970957719843,0.207199096679688,0.0903601148832757,0.0132557625745637
245,U-Net,0.929211942187995,0.867783251231527,0.071136474609375,0.0885885885885886,0.0553410553410553
245,U-KAN(no-KAN),0.902236037300712,0.82188527584947,0.071136474609375,0.174174174174174,0.034963534963535
245,U-KAN,0.871848539625155,0.772811603980435,0.071136474609375,0.271771771771772,0.0171600171600172
245,Attention-U-KAN,0.925354197504758,0.86107831562377,0.071136474609375,0.0900900900900901,0.0613470613470613
249,U-Net,0.937306979617048,0.882011043301366,0.0964508056640625,0.0887517797816801,0.0397089068185414
249,U-KAN(no-KAN),0.939670371789958,0.886205899363794,0.0964508056640625,0.0941306755260244,0.030374940673944
249,U-KAN,0.947061978089328,0.899447031431898,0.0964508056640625,0.0871697516215789,0.0221483942414175
249,Attention-U-KAN,0.938589148466631,0.884284485230857,0.0964508056640625,0.103306438854612,0.0243632336655592
25,U-Net,0.612068571428571,0.440993379664701,0.459487915039062,0.00823564573440043,0.555374755089164
25,U-KAN(no-KAN),0.0889890171782596,0.0465664603595638,0.459487915039062,0.0140802975459104,0.952777870022914
25,U-KAN,0.612418914892154,0.441357208933527,0.459487915039062,0.00514727858400027,0.556371002557035
25,Attention-U-KAN,0.16228243972323,0.0883065184939459,0.459487915039062,0.00106266396572909,0.911599641350912
257,U-Net,0.968740289602884,0.939375677955888,0.244384765625,0.0360889110889111,0.0267232767232767
257,U-KAN(no-KAN),0.947238048055487,0.899764705882353,0.244384765625,0.0614385614385614,0.044955044955045
257,U-KAN,0.956556323808358,0.916730194100745,0.244384765625,0.0647477522477522,0.0239135864135864
257,Attention-U-KAN,0.937891014597878,0.883045927949462,0.244384765625,0.0970904095904096,0.0312187812187812
258,U-Net,0.970990965556183,0.943617532066671,0.215103149414062,0.0341916719869476,0.0241186067957722
258,U-KAN(no-KAN),0.952305703203563,0.908953791306732,0.215103149414062,0.0346882315386252,0.0595162091225083
258,U-KAN,0.958561321576691,0.920420319925038,0.215103149414062,0.0598708945165638,0.0244732921898276
258,Attention-U-KAN,0.962019112962509,0.926817752596789,0.215103149414062,0.0517131304532879,0.0252536000567497
26,U-Net,0.925095680699836,0.860630722278739,0.013092041015625,0.145687645687646,0.013986013986014
26,U-KAN(no-KAN),0.397759103641457,0.248251748251748,0.013092041015625,0,0.751748251748252
26,U-KAN,0.889132821075741,0.800395256916996,0.013092041015625,0.179487179487179,0.0559440559440559
26,Attention-U-KAN,0.897849462365591,0.814634146341463,0.013092041015625,0.194638694638695,0.0268065268065268
263,U-Net,0.825402034788316,0.702710254260967,0.108383178710938,0.00774320709559341,0.291848514712093
263,U-KAN(no-KAN),0.603832923832924,0.432493312684781,0.108383178710938,0,0.567506687315219
263,U-KAN,0.767020184741704,0.622086570477247,0.108383178710938,0.0147824862734056,0.368717443333803
263,Attention-U-KAN,0.822316063017703,0.69824851744587,0.108383178710938,0.0208362663663241,0.287202590454737
267,U-Net,0.958581413409267,0.9204573701218,0.172882080078125,0.06522506619594,0.0195057369814651
267,U-KAN(no-KAN),0.932306786150027,0.873197257467098,0.172882080078125,0.119947043248014,0.0220653133274493
267,U-KAN,0.948624629707998,0.902270165834809,0.172882080078125,0.0963812886142983,0.0107678729037952
267,Attention-U-KAN,0.95649595458974,0.916619306649346,0.172882080078125,0.0871138570167696,0.00353045013239188
270,U-Net,0.827807110172474,0.706203831601706,0.195846557617188,0.297312037397741,0.0838332684067004
270,U-KAN(no-KAN),0.883416726233024,0.791178541706677,0.195846557617188,0.217062719127386,0.0370860927152318
270,U-KAN,0.875685877048894,0.778862294062791,0.195846557617188,0.253213868328788,0.0239189715621348
270,Attention-U-KAN,0.853189428531894,0.743967181467181,0.195846557617188,0.291468640436307,0.0391897156213479
277,U-Net,0.852014866979656,0.742182840589588,0.1378173828125,0.299490699734278,0.0355403011514615
277,U-KAN(no-KAN),0.854171681671561,0.74546218487395,0.1378173828125,0.317537643932684,0.0178255093002657
277,U-KAN,0.85978731784167,0.75405872193437,0.1378173828125,0.282108060230292,0.033215234720992
277,Attention-U-KAN,0.828912716328066,0.707814633362782,0.1378173828125,0.378542958370239,0.0242471213463242
29,U-Net,0.967327667610954,0.936722750548647,0.0399627685546875,0.043909889270714,0.0221458571974036
29,U-KAN(no-KAN),0.947445255474453,0.900138696255201,0.0399627685546875,0.101183657884689,0.0087819778541428
29,U-KAN,0.967032967032967,0.936170212765957,0.0399627685546875,0.0408552882779687,0.0255822833142421
29,Attention-U-KAN,0.966292134831461,0.934782608695652,0.0399627685546875,0.0538373424971363,0.0148911798396334
297,U-Net,0.942487202649804,0.89123006833713,0.0256195068359375,0.0458606313281715,0.0678975580702799
297,U-KAN(no-KAN),0.90339091490723,0.823803967327888,0.0256195068359375,0.0208457415128052,0.159023228111971
297,U-KAN,0.93906588308073,0.885131195335277,0.0256195068359375,0.0214413341274568,0.0958904109589041
297,Attention-U-KAN,0.94537686908758,0.896412037037037,0.0256195068359375,0.0291840381179273,0.0774270399047052
302,U-Net,0.965470808887179,0.933246560059502,0.080413818359375,0.0204933586337761,0.0476280834914611
302,U-KAN(no-KAN),0.947259565667011,0.899803536345776,0.080413818359375,0.0624288425047438,0.044022770398482
302,U-KAN,0.959389895138227,0.921949432026383,0.080413818359375,0.035673624288425,0.0451612903225806
302,Attention-U-KAN,0.959984719702034,0.923048668503214,0.080413818359375,0.0332068311195446,0.0462998102466793
303,U-Net,0.936073430265616,0.879828981523897,0.0941162109375,0.0617704280155642,0.0658236057068742
303,U-KAN(no-KAN),0.910605476282298,0.835882186349476,0.0941162109375,0.144941634241245,0.0429636835278859
303,U-KAN,0.919288210994598,0.850632167009703,0.0941162109375,0.102788586251621,0.0619325551232166
303,Attention-U-KAN,0.913799768071125,0.841281138790036,0.0941162109375,0.138942931258106,0.0418287937743191
304,U-Net,0.931125466290601,0.871127000340484,0.0880584716796875,0.0178478599896032,0.113325246924277
304,U-KAN(no-KAN),0.938446550349836,0.884031369931587,0.0880584716796875,0.0384682030843875,0.0819615317969156
304,U-KAN,0.93964582580412,0.886162235855487,0.0880584716796875,0.0168081788251603,0.0989429908161497
304,Attention-U-KAN,0.944059669685669,0.894046417759839,0.0880584716796875,0.030324033962918,0.0788424883035869
309,U-Net,0.845276643671688,0.732016581321629,0.0467987060546875,0.337137267688295,0.0211933485490708
309,U-KAN(no-KAN),0.872634125515867,0.77404695783893,0.0467987060546875,0.291490055428758,0.00032605151613955
309,U-KAN,0.89390386869871,0.808161102278749,0.0467987060546875,0.230518421910662,0.00554287577437235
309,Attention-U-KAN,0.918373586059309,0.849067269643867,0.0467987060546875,0.153570264101728,0.0205412455167917
311,U-Net,0.848834294309351,0.737369337979094,0.026031494140625,0.345838218053927,0.00762016412661196
311,U-KAN(no-KAN),0.430808080808081,0.274541358223367,0.026031494140625,2.64243845252052,0
311,U-KAN,0.595032587634314,0.423520561685055,0.026031494140625,1.33763188745604,0.00996483001172333
311,Attention-U-KAN,0.917306052855925,0.847244094488189,0.026031494140625,0.116647127784291,0.0539273153575615
330,U-Net,0.956833500645346,0.917239483090459,0.0530548095703125,0.0460166810468795,0.0405522001725626
330,U-KAN(no-KAN),0.965962947005601,0.934166666666667,0.0530548095703125,0.0353753235547886,0.0327868852459016
330,U-KAN,0.968933428775948,0.939738961399611,0.0530548095703125,0.0356629278113316,0.0267471958584987
330,Attention-U-KAN,0.9549992765157,0.913874273054555,0.0530548095703125,0.0385389703767616,0.0509059534081104
333,U-Net,0.96478756819309,0.93197061641648,0.046417236328125,0.0292570677186062,0.0407626561472715
333,U-KAN(no-KAN),0.956801027782239,0.917179802955665,0.046417236328125,0.0677186061801446,0.0207100591715976
333,U-KAN,0.96895022178413,0.939770554493308,0.046417236328125,0.0315581854043393,0.0305719921104536
333,Attention-U-KAN,0.970040485829959,0.941823899371069,0.046417236328125,0.0453648915187377,0.0154503616042078
334,U-Net,0.931228508909034,0.87130739982451,0.049896240234375,0.045565749235474,0.0889908256880734
334,U-KAN(no-KAN),0.930332922318126,0.869740634005764,0.049896240234375,0.0611620795107034,0.0770642201834862
334,U-KAN,0.919779546846295,0.851473922902494,0.049896240234375,0.0788990825688073,0.0813455657492355
334,Attention-U-KAN,0.939495287321374,0.885894495412844,0.049896240234375,0.0666666666666667,0.055045871559633
338,U-Net,0.949048955410041,0.903038215048659,0.117172241210938,0.0972782914441985,0.00911577028258888
338,U-KAN(no-KAN),0.868022876999928,0.76682015860834,0.117172241210938,0.0181013152754265,0.219299387941138
338,U-KAN,0.945110821382008,0.895933753553331,0.117172241210938,0.0536528193775231,0.055996874593046
338,Attention-U-KAN,0.952131833638504,0.90863704443335,0.117172241210938,0.0433650214871728,0.0519598906107566
342,U-Net,0.959258504787126,0.9217067919358,0.07220458984375,0.0796703296703297,0.00486052409129332
342,U-KAN(no-KAN),0.961598178242418,0.92603668261563,0.07220458984375,0.0600169061707523,0.018385460693153
342,U-KAN,0.967238689547582,0.936555891238671,0.07220458984375,0.0492392223161454,0.0173288250211327
342,Attention-U-KAN,0.958093844706866,0.919558676028084,0.07220458984375,0.0534657650042265,0.0312764158918005
343,U-Net,0.890722941913916,0.802976078357506,0.066436767578125,0.219338539274231,0.0209003215434084
343,U-KAN(no-KAN),0.951845184518452,0.908115070845857,0.066436767578125,0.0698208543867708,0.0284795590261828
343,U-KAN,0.850135536336646,0.73933542882802,0.066436767578125,0.0229673863114378,0.243683968764355
343,Attention-U-KAN,0.948960739030023,0.902878488244342,0.066436767578125,0.0452457510335324,0.0562700964630225
354,U-Net,0.944597422623637,0.895011479858067,0.0697784423828125,0.0476711130548874,0.0623223267001968
354,U-KAN(no-KAN),0.929909042268593,0.869,0.0697784423828125,0.0933741526350317,0.0498578613601574
354,U-KAN,0.940613443550141,0.88788501026694,0.0697784423828125,0.0649464246665209,0.0544500328012246
354,Attention-U-KAN,0.937466365299752,0.882293354943274,0.0697784423828125,0.0793789634813033,0.0476711130548874
358,U-Net,0.784332412084247,0.645186578864848,0.0948486328125,0.0260617760617761,0.337998712998713
358,U-KAN(no-KAN),0.831923699838042,0.712216915729472,0.0948486328125,0.0442406692406692,0.256274131274131
358,U-KAN,0.795289684408855,0.66015014075696,0.0948486328125,0.0286357786357786,0.320945945945946
358,Attention-U-KAN,0.803586438778369,0.671662763466042,0.0948486328125,0.0304054054054054,0.307915057915058
360,U-Net,0.924004017408771,0.858742999377722,0.12158203125,0.00840863453815261,0.134036144578313
360,U-KAN(no-KAN),0.945131578947368,0.895971061494325,0.12158203125,0.0061495983935743,0.0985190763052209
360,U-KAN,0.952940408589518,0.910110958733325,0.12158203125,0.00665160642570281,0.0838353413654618
360,Attention-U-KAN,0.936462282651327,0.880516287645974,0.12158203125,0.0209588353413655,0.101029116465863
362,U-Net,0.961231361231361,0.925356547508798,0.0814666748046875,0.0112380595617157,0.0642442404944746
362,U-KAN(no-KAN),0.923503216229589,0.857878286449715,0.0814666748046875,0.0187300992695261,0.126053568083911
362,U-KAN,0.945634883503322,0.896876109336173,0.0814666748046875,0.0552537928451021,0.0535680839108447
362,Attention-U-KAN,0.937879678620419,0.883025830258303,0.0814666748046875,0.0151713804083162,0.103577448960479
368,U-Net,0.892670157068063,0.806146572104019,0.0186920166015625,0.0359183673469388,0.164897959183673
368,U-KAN(no-KAN),0.901533494753834,0.820720058780309,0.0186920166015625,0.111020408163265,0.0881632653061225
368,U-KAN,0.880650994575045,0.786752827140549,0.0186920166015625,0.0106122448979592,0.204897959183673
368,Attention-U-KAN,0.859444941808415,0.753532182103611,0.0186920166015625,0.04,0.216326530612245
370,U-Net,0.927232635060639,0.864337101747174,0.01458740234375,0.0177824267782427,0.120292887029289
370,U-KAN(no-KAN),0.93224043715847,0.873080859774821,0.01458740234375,0.0219665271966527,0.107740585774059
370,U-KAN,0.889786497403347,0.801455301455301,0.01458740234375,0.00627615062761506,0.193514644351464
370,Attention-U-KAN,0.938841201716738,0.884732052578362,0.01458740234375,0.0345188284518828,0.0847280334728033
373,U-Net,0.90539483971853,0.827142857142857,0.009613037109375,0.111111111111111,0.080952380952381
373,U-KAN(no-KAN),0.81924577373212,0.693832599118943,0.009613037109375,0.441269841269841,0
373,U-KAN,0.898598516075845,0.815868263473054,0.009613037109375,0.0603174603174603,0.134920634920635
373,Attention-U-KAN,0.930817610062893,0.870588235294118,0.009613037109375,0.0793650793650794,0.0603174603174603
376,U-Net,0.878366380585972,0.78311345646438,0.023468017578125,0.232119635890767,0.035110533159948
376,U-KAN(no-KAN),0.881492109038737,0.788096459722935,0.023468017578125,0.267230169050715,0.00130039011703511
376,U-KAN,0.827332010206975,0.705512572533849,0.023468017578125,0.344603381014304,0.0513654096228869
376,Attention-U-KAN,0.914609739826551,0.842655193607867,0.023468017578125,0.0578673602080624,0.108582574772432
378,U-Net,0.923337568826768,0.857592446892211,0.0170745849609375,0.135835567470956,0.0259159964253798
378,U-KAN(no-KAN),0.851808634772462,0.741869918699187,0.0170745849609375,0.319034852546917,0.0214477211796247
378,U-KAN,0.93169877408056,0.872131147540984,0.0170745849609375,0.0902591599642538,0.0491510277033065
378,Attention-U-KAN,0.887824351297405,0.798277099784637,0.0170745849609375,0.244861483467382,0.00625558534405719
38,U-Net,0.983832001486712,0.968178493050476,0.04150390625,0.00514705882352941,0.0268382352941176
38,U-KAN(no-KAN),0.958185683912119,0.919727891156463,0.04150390625,0.0808823529411765,0.00588235294117647
38,U-KAN,0.975609756097561,0.952380952380952,0.04150390625,0.0268382352941176,0.0220588235294118
38,Attention-U-KAN,0.968710435883523,0.93931953700456,0.04150390625,0.0481617647058824,0.0154411764705882
386,U-Net,0.836975822975003,0.719654706676845,0.255661010742188,0.0163533273649657,0.26857654431513
386,U-KAN(no-KAN),0.954049204756257,0.912135837646101,0.255661010742188,0.0263801850193972,0.0638018501939719
386,U-KAN,0.948099030149041,0.901319665370567,0.255661010742188,0.0130707251566697,0.0868994330050731
386,Attention-U-KAN,0.592816573366567,0.421278819908241,0.255661010742188,0.0276932259027156,0.567054610564011
387,U-Net,0.882150636248997,0.789149830786586,0.250503540039062,0.18791496619358,0.0625571054394835
387,U-KAN(no-KAN),0.93234487186971,0.873264078731547,0.250503540039062,0.11408905402936,0.0271060486081501
387,U-KAN,0.931293865860951,0.871421840028272,0.250503540039062,0.0341718949869038,0.0988000243649875
387,Attention-U-KAN,0.463461269411929,0.301626805875926,0.250503540039062,0.00347201072059451,0.697325942620454
388,U-Net,0.844889630866259,0.73143627954779,0.23211669921875,0.0234025769129634,0.251446226663161
388,U-KAN(no-KAN),0.948603723404255,0.902232340479352,0.23211669921875,0.0395082829345254,0.0621220089403103
388,U-KAN,0.946369034388594,0.898197818094147,0.23211669921875,0.0906521167499343,0.0203786484354457
388,Attention-U-KAN,0.941931756171155,0.890237242885747,0.23211669921875,0.0834209834341309,0.0354982908230344
390,U-Net,0.95502150738732,0.913914988814318,0.163986206054688,0.0398250674606867,0.0496882851028194
390,U-KAN(no-KAN),0.953263197095243,0.910699991105577,0.163986206054688,0.0461524146273379,0.0472690053038057
390,U-KAN,0.962304542069993,0.927347744192304,0.163986206054688,0.037405787661673,0.037964082999907
390,Attention-U-KAN,0.936978417266187,0.881429344883595,0.163986206054688,0.0311714897180609,0.0910951893551689
408,U-Net,0.902511961722488,0.822343324250681,0.07196044921875,0.167302798982188,0.0400763358778626
408,U-KAN(no-KAN),0.927603173009338,0.86498127340824,0.07196044921875,0.132315521628499,0.020568278201866
408,U-KAN,0.822475132180303,0.698477929984779,0.07196044921875,0.393129770992366,0.0269296013570823
408,Attention-U-KAN,0.968599539459912,0.939111020905216,0.07196044921875,0.0447413061916879,0.018871925360475
41,U-Net,0.981882770870337,0.964410327983252,0.042694091796875,0.0243030736240172,0.0121515368120086
41,U-KAN(no-KAN),0.954140999315537,0.912303664921466,0.042694091796875,0.0922087205146533,0.00357398141529664
41,U-KAN,0.960173004144891,0.923396880415945,0.042694091796875,0.0310936383130808,0.047891350964975
41,Attention-U-KAN,0.974167112061286,0.949635290031261,0.042694091796875,0.0289492494639028,0.0228734810578985
412,U-Net,0.938497710679371,0.8841221730007,0.06201171875,0.0553641732283465,0.0669291338582677
412,U-KAN(no-KAN),0.947647129618486,0.900503202195791,0.06201171875,0.0757874015748032,0.03125
412,U-KAN,0.900529100529101,0.819056785370549,0.06201171875,0.0226377952755906,0.16240157480315
412,Attention-U-KAN,0.891516175133169,0.804266291608064,0.06201171875,0.0497047244094488,0.155757874015748
414,U-Net,0.977561488885966,0.956107852217763,0.286788940429688,0.0339984038308061,0.0113860069167332
414,U-KAN(no-KAN),0.965740618828176,0.933750891129443,0.286788940429688,0.0448523543495611,0.0243681830274009
414,U-KAN,0.970748972050174,0.943160556257901,0.286788940429688,0.0521415270018622,0.00766161213088587
414,Attention-U-KAN,0.957226567541754,0.91796217447272,0.286788940429688,0.0746475126363395,0.0135142325086459
432,U-Net,0.969032132802641,0.939924670433145,0.08026123046875,0.00950570342205323,0.0511406844106464
432,U-KAN(no-KAN),0.948499859799981,0.902044444444444,0.08026123046875,0.0693916349809886,0.035361216730038
432,U-KAN,0.947028055159296,0.899385838150289,0.08026123046875,0.0524714828897338,0.0534220532319392
432,Attention-U-KAN,0.941110382922947,0.888770999115827,0.08026123046875,0.0750950570342205,0.0444866920152091
433,U-Net,0.973879571075062,0.94908896034298,0.0841064453125,0.0156023222060958,0.0361030478955007
433,U-KAN(no-KAN),0.966208425720621,0.934625943719973,0.0841064453125,0.0573294629898403,0.0117924528301887
433,U-KAN,0.96709139242827,0.936279730209443,0.0841064453125,0.022133526850508,0.0429970972423803
433,Attention-U-KAN,0.967423494570582,0.936902485659656,0.0841064453125,0.043722786647315,0.022133526850508
435,U-Net,0.967047451669596,0.93619736282433,0.0702972412109375,0.0206207944432386,0.0444975037985674
435,U-KAN(no-KAN),0.948264984227129,0.901619676064787,0.0702972412109375,0.0855220316909052,0.0212719774256566
435,U-KAN,0.965008802816901,0.932383584945779,0.0702972412109375,0.0208378554373779,0.0481875406989364
435,Attention-U-KAN,0.964604626143088,0.931629260182876,0.0702972412109375,0.0444975037985674,0.0269155632732798
442,U-Net,0.954065040650407,0.912164788184998,0.0367584228515625,0.0680780406807804,0.0257368202573682
442,U-KAN(no-KAN),0.945072697899838,0.895865237366003,0.0367584228515625,0.0842673308426733,0.0286425902864259
442,U-KAN,0.929312708047778,0.867959034381858,0.0367584228515625,0.134910751349108,0.0149439601494396
442,Attention-U-KAN,0.928528528528529,0.866591928251121,0.0367584228515625,0.110834371108344,0.037359900373599
443,U-Net,0.886045388701111,0.795405288253143,0.0569915771484375,0.235341365461847,0.0174029451137885
443,U-KAN(no-KAN),0.884823685160669,0.793438376861645,0.0569915771484375,0.240428380187416,0.0157965194109772
443,U-KAN,0.944975458537845,0.895690499510284,0.0569915771484375,0.0934404283801874,0.020615796519411
443,Attention-U-KAN,0.937580272283586,0.882495164410058,0.0569915771484375,0.107362784471218,0.0227576974564926
449,U-Net,0.940926777502653,0.888443553774215,0.04400634765625,0.0381414701803051,0.0776699029126214
449,U-KAN(no-KAN),0.954121989804887,0.912268907563025,0.04400634765625,0.0315533980582524,0.0589459084604716
449,U-KAN,0.956908831908832,0.917377944691021,0.04400634765625,0.0156033287101248,0.0683079056865465
449,Attention-U-KAN,0.954289732770745,0.912575655682582,0.04400634765625,0.0312066574202497,0.0589459084604716
453,U-Net,0.959149645685702,0.921505806968362,0.036529541015625,0.0430242272347535,0.0388471177944862
453,U-KAN(no-KAN),0.936203831720324,0.880059413293725,0.036529541015625,0.124895572263993,0.0100250626566416
453,U-KAN,0.936135146271117,0.87993803253292,0.036529541015625,0.0785296574770259,0.0509607351712615
453,Attention-U-KAN,0.958126036484245,0.919617986470354,0.036529541015625,0.0497076023391813,0.0346700083542189
459,U-Net,0.962225832656377,0.92720156555773,0.0379486083984375,0.0273421793325292,0.0474467229593888
459,U-KAN(no-KAN),0.941374947279629,0.889243027888446,0.0379486083984375,0.00924809006835545,0.102533172496984
459,U-KAN,0.951229508196721,0.906994919890582,0.0379486083984375,0.0289505428226779,0.0667470848411741
459,Attention-U-KAN,0.965722211214583,0.933716475095785,0.0379486083984375,0.0494571773220748,0.0201045436268597
460,U-Net,0.946760744066709,0.898903775883069,0.04852294921875,0.0327044025157233,0.0716981132075472
460,U-KAN(no-KAN),0.948545861297539,0.902127659574468,0.04852294921875,0.0345911949685535,0.0666666666666667
460,U-KAN,0.953229398663697,0.91063829787234,0.04852294921875,0.0345911949685535,0.0578616352201258
460,Attention-U-KAN,0.917025382217604,0.846765350877193,0.04852294921875,0.147169811320755,0.0286163522012579
468,U-Net,0.935012803654232,0.877956849493111,0.10699462890625,0.0972618368511124,0.0366514546491728
468,U-KAN(no-KAN),0.860437375745527,0.755059316120028,0.10699462890625,0.226183685111238,0.0741585852823731
468,U-KAN,0.903613625371381,0.824174439122763,0.10699462890625,0.131488876212208,0.0674557900741586
468,Attention-U-KAN,0.893481717011129,0.807471264367816,0.10699462890625,0.091842555618939,0.118368511123788
477,U-Net,0.944750444877553,0.895286276399261,0.177932739257812,0.0679187033702084,0.043907040562559
477,U-KAN(no-KAN),0.937084993359894,0.881617991566453,0.177932739257812,0.0981905496955664,0.0318154532201355
477,U-KAN,0.917604534625811,0.847753491196114,0.177932739257812,0.129920246977103,0.0421061658519852
477,Attention-U-KAN,0.906882258792629,0.82962907343445,0.177932739257812,0.142097590258125,0.0524826344224338
481,U-Net,0.948820170240276,0.902624026240262,0.13580322265625,0.0961797752808989,0.010561797752809
481,U-KAN(no-KAN),0.942439542917885,0.891144838677254,0.13580322265625,0.117865168539326,0.00382022471910112
481,U-KAN,0.956926911199003,0.917411178059422,0.13580322265625,0.0815730337078652,0.00775280898876404
481,Attention-U-KAN,0.941176470588235,0.888888888888889,0.13580322265625,0.103258426966292,0.0193258426966292
487,U-Net,0.941231343283582,0.888986784140969,0.103897094726562,0.000146864444118079,0.11088265530915
487,U-KAN(no-KAN),0.970973504019053,0.943584550846232,0.103897094726562,0.0152739021882802,0.0420032310177706
487,U-KAN,0.965051747412629,0.932463768115942,0.103897094726562,0.0133646644147452,0.0550741665442796
487,Attention-U-KAN,0.970186056937906,0.942098389203309,0.103897094726562,0.0120428844176825,0.046556028785431
491,U-Net,0.855185554849832,0.747008005072521,0.187576293945312,0.0263564630277394,0.23330350606036
491,U-KAN(no-KAN),0.958362333674514,0.920053454917066,0.187576293945312,0.0348165622712113,0.0479134466769706
491,U-KAN,0.912620519693891,0.839284294234592,0.187576293945312,0.0229398844871065,0.141462621003823
491,Attention-U-KAN,0.933144144896085,0.874667501173525,0.187576293945312,0.03977873586594,0.0905393313267713
494,U-Net,0.972784234945234,0.947010616502142,0.162841796875,0.00618440779610195,0.0471326836581709
494,U-KAN(no-KAN),0.972026317035074,0.945575098996224,0.162841796875,0.0175224887556222,0.037856071964018
494,U-KAN,0.973108133610115,0.947624735826518,0.162841796875,0.0197713643178411,0.0336394302848576
494,Attention-U-KAN,0.976610933684013,0.954290959155576,0.162841796875,0.0208958020989505,0.0257683658170915
495,U-Net,0.972260345186109,0.946018128844286,0.186080932617188,0.0132021320213202,0.0414924149241492
495,U-KAN(no-KAN),0.97687387239626,0.954793202949663,0.186080932617188,0.0230422304223042,0.0232062320623206
495,U-KAN,0.978297854682767,0.95751766712696,0.186080932617188,0.00951209512095121,0.0333743337433374
495,Attention-U-KAN,0.966806654821515,0.935746111154538,0.186080932617188,0.0490364903649037,0.0183681836818368
511,U-Net,0.904934687953556,0.826375082836315,0.0632476806640625,0.0921592279855247,0.0974668275030157
511,U-KAN(no-KAN),0.826673453805039,0.704555314533623,0.0632476806640625,0.112183353437877,0.216405307599517
511,U-KAN,0.885423062753285,0.794402820625826,0.0632476806640625,0.0948130277442702,0.130277442702051
511,Attention-U-KAN,0.939152820032764,0.885285682770792,0.0632476806640625,0.0936067551266586,0.0318455971049457
513,U-Net,0.95342113716672,0.910988336402701,0.070465087890625,0.0582503248159376,0.035946297098311
513,U-KAN(no-KAN),0.921355637627634,0.854179254783484,0.070465087890625,0.0751407535729753,0.0816370723256821
513,U-KAN,0.921217547000895,0.853941908713693,0.070465087890625,0.0437418796015591,0.108705067128627
513,Attention-U-KAN,0.932880762071608,0.874204801970039,0.070465087890625,0.0552187093980078,0.0775227371156345
516,U-Net,0.961817487590683,0.926443545421111,0.120208740234375,0.0354150799695354,0.0407463823305407
516,U-KAN(no-KAN),0.930115034244298,0.86935985083903,0.120208740234375,0.0211982736735212,0.112211221122112
516,U-KAN,0.943128578865174,0.892377785986947,0.120208740234375,0.0308453922315308,0.0800964711855801
516,Attention-U-KAN,0.957794894646381,0.91900806254581,0.120208740234375,0.0390962173140391,0.0450621985275451
518,U-Net,0.948195030473512,0.901493202585246,0.062713623046875,0.0917274939172749,0.0158150851581509
518,U-KAN(no-KAN),0.958880983962378,0.921009960620802,0.062713623046875,0.0503649635036496,0.0326034063260341
518,U-KAN,0.954643628509719,0.913223140495868,0.062713623046875,0.0598540145985401,0.0321167883211679
518,Attention-U-KAN,0.96448915282996,0.931413857677903,0.062713623046875,0.0394160583941606,0.0318734793187348
519,U-Net,0.967006995651352,0.93612153381532,0.1578369140625,0.0563611755607115,0.0111175560711524
519,U-KAN(no-KAN),0.942400979607215,0.891075881724261,0.1578369140625,0.0854601701469451,0.0327726218097448
519,U-KAN,0.960074713985524,0.923215087561742,0.1578369140625,0.0764694508894045,0.00618716163959783
519,Attention-U-KAN,0.95735266428168,0.918194130925508,0.1578369140625,0.0706689868522815,0.0169180201082753
521,U-Net,0.954736581746228,0.913393279697113,0.091766357421875,0.0540405719986698,0.0372464250083139
521,U-KAN(no-KAN),0.967220021909497,0.93652088772846,0.091766357421875,0.0189557698703026,0.0457266378450283
521,U-KAN,0.944795909524222,0.895367936925099,0.091766357421875,0.0123046225473894,0.0936148985700033
521,Attention-U-KAN,0.957289151611023,0.918077291600128,0.091766357421875,0.0412371134020619,0.0440638510143
525,U-Net,0.963120675233822,0.928864769727193,0.0986328125,0.0547648514851485,0.0202660891089109
525,U-KAN(no-KAN),0.961412588477053,0.925692510625824,0.0986328125,0.0555383663366337,0.0228960396039604
525,U-KAN,0.960030165912519,0.923132704858593,0.0986328125,0.0666769801980198,0.0153155940594059
525,Attention-U-KAN,0.962015795411809,0.926811594202899,0.0986328125,0.067450495049505,0.0106745049504951
528,U-Net,0.94879656599724,0.902581303777162,0.096221923828125,0.0873771011734856,0.0185537583254044
528,U-KAN(no-KAN),0.947368421052632,0.9,0.096221923828125,0.09895337773549,0.010941960038059
528,U-KAN,0.951701682300954,0.90785386777104,0.096221923828125,0.0721535045987948,0.0266412940057088
528,Attention-U-KAN,0.942991790817878,0.892132892276715,0.096221923828125,0.102600697748176,0.0163336504915953
530,U-Net,0.844294547498595,0.730544747081712,0.022979736328125,0.365205843293493,0.00265604249667995
530,U-KAN(no-KAN),0.686553464892152,0.522711390635919,0.022979736328125,0.900398406374502,0.00664010624169987
530,U-KAN,0.867727930535456,0.766359918200409,0.022979736328125,0.298804780876494,0.00464807436918991
530,Attention-U-KAN,0.696344892221181,0.534148094895758,0.022979736328125,0.847277556440903,0.0132802124833997
540,U-Net,0.92963924963925,0.868528904227783,0.123550415039062,0.145115474867235,0.00543411139928369
540,U-KAN(no-KAN),0.954417490266547,0.912809349220898,0.123550415039062,0.0779300975670001,0.0160553291342473
540,U-KAN,0.951995652436447,0.908389029730353,0.123550415039062,0.071754970976905,0.026429541805607
540,Attention-U-KAN,0.958913983661701,0.92107085160397,0.123550415039062,0.0702729405952822,0.0142027911572187
547,U-Net,0.900636319138522,0.819234194122885,0.0435028076171875,0.18169063486496,0.0319186250438443
547,U-KAN(no-KAN),0.889563688668691,0.801093839953944,0.0435028076171875,0.218519817607857,0.023851280252543
547,U-KAN,0.898326898326898,0.815420560747664,0.0435028076171875,0.200982111539811,0.0206944931602946
547,Attention-U-KAN,0.894935256515325,0.809848709581727,0.0435028076171875,0.182392143107682,0.042441248684672
550,U-Net,0.913325804630152,0.840478046245778,0.0556182861328125,0.0559670781893004,0.112482853223594
550,U-KAN(no-KAN),0.863702412089509,0.760102301790281,0.0556182861328125,0.0727023319615912,0.184636488340192
550,U-KAN,0.915853486069863,0.844769110357422,0.0556182861328125,0.0515775034293553,0.111659807956104
550,Attention-U-KAN,0.917473741645069,0.847530241935484,0.0556182861328125,0.0886145404663923,0.0773662551440329
565,U-Net,0.789092711948438,0.651654110710776,0.0848846435546875,0.0976092036670861,0.284738450476362
565,U-KAN(no-KAN),0.855485548554855,0.747465921006641,0.0848846435546875,0.0285817005213015,0.231170231889268
565,U-KAN,0.889878072382427,0.80160390516039,0.0848846435546875,0.0310983282401582,0.173467553478339
565,Attention-U-KAN,0.82988807098921,0.709238193726301,0.0848846435546875,0.0429624303433399,0.260291209778896
566,U-Net,0.684340320591862,0.520149953139644,0.0313262939453125,0.0394544568923527,0.459327812956649
566,U-KAN(no-KAN),0.525511975008678,0.356403013182674,0.0313262939453125,0.0345835362883585,0.631271310277642
566,U-KAN,0.920009844942161,0.851868732907931,0.0313262939453125,0.0686799805163176,0.0896249391134925
566,Attention-U-KAN,0.822335025380711,0.698275862068966,0.0313262939453125,0.299561617145641,0.0925474914758889
567,U-Net,0.91170431211499,0.837735849056604,0.03265380859375,0.114485981308411,0.0663551401869159
567,U-KAN(no-KAN),0.902265372168285,0.821933962264151,0.03265380859375,0.188785046728972,0.0228971962616822
567,U-KAN,0.924578960214791,0.859736722650931,0.03265380859375,0.0294392523364486,0.114953271028037
567,Attention-U-KAN,0.882657463330457,0.78996138996139,0.03265380859375,0.210280373831776,0.0439252336448598
571,U-Net,0.935423197492163,0.878680800942285,0.0375518798828125,0.0349451442503048,0.0906135717188135
571,U-KAN(no-KAN),0.873895884232287,0.776034712950601,0.0375518798828125,0.217391304347826,0.0552620885818773
571,U-KAN,0.903346497609645,0.823730098559515,0.0375518798828125,0.0719219829337668,0.117025599349858
571,Attention-U-KAN,0.883121876201461,0.790705679862306,0.0375518798828125,0.180414465664364,0.0666395774075579
577,U-Net,0.749170537491705,0.59893899204244,0.0503692626953125,0.142078158133899,0.315964859133596
577,U-KAN(no-KAN),0.86641957005189,0.764321213706513,0.0503692626953125,0.15813389881854,0.114813692820357
577,U-KAN,0.865083960625362,0.762244897959184,0.0503692626953125,0.187518933656468,0.0948197515904271
577,Attention-U-KAN,0.868896925858951,0.768185451638689,0.0503692626953125,0.136928203574674,0.126628294456225
581,U-Net,0.684542962698129,0.52038412755934,0.167282104492188,0.00684119310407735,0.476055824135729
581,U-KAN(no-KAN),0.76703065240286,0.622100341665168,0.167282104492188,0.014503329380644,0.368877132171851
581,U-KAN,0.650359364619194,0.481875950953191,0.167282104492188,0.0191553406914166,0.508893551035301
581,Attention-U-KAN,0.691717077710563,0.528721323137115,0.167282104492188,0.0258141019793852,0.457630210708748
593,U-Net,0.908834775608774,0.83290298782737,0.0408782958984375,0.0119447555057857,0.157148189622994
593,U-KAN(no-KAN),0.933119886161508,0.874624874958319,0.0408782958984375,0.119447555057857,0.020903322135125
593,U-KAN,0.938515081206497,0.884153005464481,0.0408782958984375,0.0246360582306831,0.0940649496080627
593,Attention-U-KAN,0.941350601295097,0.889199580566236,0.0408782958984375,0.0679357969391564,0.0503919372900336
596,U-Net,0.9416,0.889644746787604,0.0189666748046875,0.0643604183427192,0.0530973451327434
596,U-KAN(no-KAN),0.826435246995995,0.704209328782708,0.0189666748046875,0.414320193081255,0.00402252614641995
596,U-KAN,0.836853605243991,0.71947401377583,0.0189666748046875,0.284794851166533,0.0756234915526951
596,Attention-U-KAN,0.803849983405244,0.672031076581576,0.0189666748046875,0.449718423169751,0.0257441673370877
597,U-Net,0.725748502994012,0.569548872180451,0.0100555419921875,0.614567526555387,0.0804248861911988
597,U-KAN(no-KAN),0.79492600422833,0.659649122807018,0.0100555419921875,0.29742033383915,0.144157814871017
597,U-KAN,0.727506426735218,0.571717171717172,0.0100555419921875,0.502276176024279,0.141122913505311
597,Attention-U-KAN,0.667380824852705,0.5008038585209,0.0100555419921875,0.887708649468892,0.0546282245827011
601,U-Net,0.683660130718954,0.519364448857994,0.0542144775390625,0.700534759358289,0.116802701942021
601,U-KAN(no-KAN),0.678935391312951,0.513930497303775,0.0542144775390625,0.878975513650436,0.0343371798480158
601,U-KAN,0.680187830952143,0.515367146101438,0.0542144775390625,0.858992400788066,0.041936391781593
601,Attention-U-KAN,0.666733326667333,0.500074996250187,0.0542144775390625,0.87644244300591,0.0616380523501267
603,U-Net,0.821888412017167,0.697632058287796,0.068023681640625,0.35464333781965,0.0549573799910274
603,U-KAN(no-KAN),0.934105385060799,0.876358105171664,0.068023681640625,0.0323014804845222,0.0953342305966801
603,U-KAN,0.802084377192103,0.6695666722436,0.068023681640625,0.34073575594437,0.10228802153432
603,Attention-U-KAN,0.883375284669783,0.791112065264062,0.068023681640625,0.0448631673396142,0.173396141767609
605,U-Net,0.865506766086716,0.762901655306719,0.0257110595703125,0.218991097922849,0.0700296735905045
605,U-KAN(no-KAN),0.695121951219512,0.532710280373832,0.0257110595703125,0.0160237388724036,0.458753709198813
605,U-KAN,0.525963149078727,0.356818181818182,0.0257110595703125,0.0445103857566766,0.627299703264095
605,Attention-U-KAN,0.838137472283814,0.721374045801527,0.0257110595703125,0.243916913946588,0.102670623145401
607,U-Net,0.784103114930183,0.644876325088339,0.01751708984375,0.479094076655052,0.0461672473867596
607,U-KAN(no-KAN),0,0,0.01751708984375,0,1
607,U-KAN,0.679231605654223,0.514270032930845,0.01751708984375,0.587108013937282,0.183797909407665
607,Attention-U-KAN,0.831890660592255,0.71216848673947,0.01751708984375,0.116724738675958,0.204703832752613
66,U-Net,0.937055837563452,0.881566380133715,0.014373779296875,0.111464968152866,0.0201698513800425
66,U-KAN(no-KAN),0.884997633696167,0.793718166383701,0.014373779296875,0.250530785562633,0.00743099787685775
66,U-KAN,0.908370480435859,0.832123411978221,0.014373779296875,0.169851380042463,0.0265392781316348
66,Attention-U-KAN,0.922465208747515,0.856088560885609,0.014373779296875,0.150743099787686,0.0148619957537155
68,U-Net,0.572557762464532,0.401107482606844,0.0595245361328125,0.80543450397334,0.275826711099718
68,U-KAN(no-KAN),0.488199875423905,0.322926203991943,0.0595245361328125,1.79979492437836,0.095872853114586
68,U-KAN,0.452909288037586,0.292749018874977,0.0595245361328125,1.74339912842861,0.196872596770059
68,Attention-U-KAN,0.775731031817596,0.633627946127946,0.0595245361328125,0.21814919251474,0.228146629069469
7,U-Net,0.922757944735553,0.856592945128779,0.2127685546875,0.0246701090074584,0.122274813539874
7,U-KAN(no-KAN),0.954526894094064,0.913009515693794,0.2127685546875,0.00989672977624785,0.0779546758462421
7,U-KAN,0.958071585098612,0.919517666853617,0.2127685546875,0.0229489386115892,0.0593803786574871
7,Attention-U-KAN,0.93161299755108,0.871980841601095,0.2127685546875,0.0481210556511761,0.0860585197934595
81,U-Net,0.860427741377179,0.755044478194836,0.06707763671875,0.0484531392174704,0.208371246587807
81,U-KAN(no-KAN),0.84521564189614,0.731925087108014,0.06707763671875,0.0445859872611465,0.235441310282075
81,U-KAN,0.857289791720237,0.75022502250225,0.06707763671875,0.010919017288444,0.241583257506824
81,Attention-U-KAN,0.829305327090978,0.708387375702551,0.06707763671875,0.0523202911737944,0.254549590536852
82,U-Net,0.936082474226804,0.87984496124031,0.0327301025390625,0.0825174825174825,0.0475524475524476
82,U-KAN(no-KAN),0.901711491442543,0.821015138023152,0.0327301025390625,0.0470862470862471,0.14032634032634
82,U-KAN,0.933208780943484,0.874781085814361,0.0327301025390625,0.0648018648018648,0.0685314685314685
82,Attention-U-KAN,0.942084942084942,0.89051094890511,0.0327301025390625,0.0857808857808858,0.0331002331002331
83,U-Net,0.920650470219436,0.852967870756943,0.0728302001953125,0.154200712340247,0.0155038759689922
83,U-KAN(no-KAN),0.929911154985193,0.8690036900369,0.0728302001953125,0.135554158809973,0.0131992457573853
83,U-KAN,0.932208436724566,0.873024725785462,0.0728302001953125,0.126964173475801,0.0161324114812487
83,Attention-U-KAN,0.929515856446963,0.868313521545319,0.0728302001953125,0.128011732662895,0.0205321600670438
88,U-Net,0.961653015636634,0.926138400860523,0.0407867431640625,0.0433969322858212,0.0336700336700337
88,U-KAN(no-KAN),0.953796561604584,0.911674084217734,0.0407867431640625,0.0927796483352039,0.00374111485222596
88,U-KAN,0.951904165921688,0.908222449675879,0.0407867431640625,0.0965207631874299,0.00411522633744856
88,Attention-U-KAN,0.957628659756319,0.918702023726448,0.0407867431640625,0.0722035166479611,0.0149644594089039
93,U-Net,0.736473755047106,0.582871751171709,0.035369873046875,0.0125107851596204,0.409836065573771
93,U-KAN(no-KAN),0.393067590987868,0.244607420189819,0.035369873046875,0,0.755392579810181
93,U-KAN,0.383542538354254,0.237273511647972,0.035369873046875,0,0.762726488352028
93,Attention-U-KAN,0.561436087898483,0.390275387263339,0.035369873046875,0.00258843830888697,0.608714408973253
